{ "frames": {
   "Goblin Warrior_Anims #ID 0.aseprite": {
    "frame": { "x": 0, "y": 0, "w": 160, "h": 160 },
    "rotated": false,
    "trimmed": false,
    "spriteSourceSize": { "x": 0, "y": 0, "w": 160, "h": 160 },
    "sourceSize": { "w": 160, "h": 160 },
    "duration": 100
   },
   "Goblin Warrior_Anims #ID 1.aseprite": {
    "frame": { "x": 160, "y": 0, "w": 160, "h": 160 },
    "rotated": false,
    "trimmed": false,
    "spriteSourceSize": { "x": 0, "y": 0, "w": 160, "h": 160 },
    "sourceSize": { "w": 160, "h": 160 },
    "duration": 100
   },
   "Goblin Warrior_Anims #ID 2.aseprite": {
    "frame": { "x": 320, "y": 0, "w": 160, "h": 160 },
    "rotated": false,
    "trimmed": false,
    "spriteSourceSize": { "x": 0, "y": 0, "w": 160, "h": 160 },
    "sourceSize": { "w": 160, "h": 160 },
    "duration": 100
   },
   "Goblin Warrior_Anims #ID 3.aseprite": {
    "frame": { "x": 480, "y": 0, "w": 160, "h": 160 },
    "rotated": false,
    "trimmed": false,
    "spriteSourceSize": { "x": 0, "y": 0, "w": 160, "h": 160 },
    "sourceSize": { "w": 160, "h": 160 },
    "duration": 100
   },
   "Goblin Warrior_Anims #IR 0.aseprite": {
    "frame": { "x": 0, "y": 160, "w": 160, "h": 160 },
    "rotated": false,
    "trimmed": false,
    "spriteSourceSize": { "x": 0, "y": 0, "w": 160, "h": 160 },
    "sourceSize": { "w": 160, "h": 160 },
    "duration": 100
   },
   "Goblin Warrior_Anims #IR 1.aseprite": {
    "frame": { "x": 160, "y": 160, "w": 160, "h": 160 },
    "rotated": false,
    "trimmed": false,
    "spriteSourceSize": { "x": 0, "y": 0, "w": 160, "h": 160 },
    "sourceSize": { "w": 160, "h": 160 },
    "duration": 100
   },
   "Goblin Warrior_Anims #IR 2.aseprite": {
    "frame": { "x": 320, "y": 160, "w": 160, "h": 160 },
    "rotated": false,
    "trimmed": false,
    "spriteSourceSize": { "x": 0, "y": 0, "w": 160, "h": 160 },
    "sourceSize": { "w": 160, "h": 160 },
    "duration": 100
   },
   "Goblin Warrior_Anims #IR 3.aseprite": {
    "frame": { "x": 480, "y": 160, "w": 160, "h": 160 },
    "rotated": false,
    "trimmed": false,
    "spriteSourceSize": { "x": 0, "y": 0, "w": 160, "h": 160 },
    "sourceSize": { "w": 160, "h": 160 },
    "duration": 100
   },
   "Goblin Warrior_Anims #IL 0.aseprite": {
    "frame": { "x": 0, "y": 320, "w": 160, "h": 160 },
    "rotated": false,
    "trimmed": false,
    "spriteSourceSize": { "x": 0, "y": 0, "w": 160, "h": 160 },
    "sourceSize": { "w": 160, "h": 160 },
    "duration": 100
   },
   "Goblin Warrior_Anims #IL 1.aseprite": {
    "frame": { "x": 160, "y": 320, "w": 160, "h": 160 },
    "rotated": false,
    "trimmed": false,
    "spriteSourceSize": { "x": 0, "y": 0, "w": 160, "h": 160 },
    "sourceSize": { "w": 160, "h": 160 },
    "duration": 100
   },
   "Goblin Warrior_Anims #IL 2.aseprite": {
    "frame": { "x": 320, "y": 320, "w": 160, "h": 160 },
    "rotated": false,
    "trimmed": false,
    "spriteSourceSize": { "x": 0, "y": 0, "w": 160, "h": 160 },
    "sourceSize": { "w": 160, "h": 160 },
    "duration": 100
   },
   "Goblin Warrior_Anims #IL 3.aseprite": {
    "frame": { "x": 480, "y": 320, "w": 160, "h": 160 },
    "rotated": false,
    "trimmed": false,
    "spriteSourceSize": { "x": 0, "y": 0, "w": 160, "h": 160 },
    "sourceSize": { "w": 160, "h": 160 },
    "duration": 100
   },
   "Goblin Warrior_Anims #IU 0.aseprite": {
    "frame": { "x": 0, "y": 480, "w": 160, "h": 160 },
    "rotated": false,
    "trimmed": false,
    "spriteSourceSize": { "x": 0, "y": 0, "w": 160, "h": 160 },
    "sourceSize": { "w": 160, "h": 160 },
    "duration": 100
   },
   "Goblin Warrior_Anims #IU 1.aseprite": {
    "frame": { "x": 160, "y": 480, "w": 160, "h": 160 },
    "rotated": false,
    "trimmed": false,
    "spriteSourceSize": { "x": 0, "y": 0, "w": 160, "h": 160 },
    "sourceSize": { "w": 160, "h": 160 },
    "duration": 100
   },
   "Goblin Warrior_Anims #IU 2.aseprite": {
    "frame": { "x": 320, "y": 480, "w": 160, "h": 160 },
    "rotated": false,
    "trimmed": false,
    "spriteSourceSize": { "x": 0, "y": 0, "w": 160, "h": 160 },
    "sourceSize": { "w": 160, "h": 160 },
    "duration": 100
   },
   "Goblin Warrior_Anims #IU 3.aseprite": {
    "frame": { "x": 480, "y": 480, "w": 160, "h": 160 },
    "rotated": false,
    "trimmed": false,
    "spriteSourceSize": { "x": 0, "y": 0, "w": 160, "h": 160 },
    "sourceSize": { "w": 160, "h": 160 },
    "duration": 100
   },
   "Goblin Warrior_Anims #WD 0.aseprite": {
    "frame": { "x": 0, "y": 640, "w": 160, "h": 160 },
    "rotated": false,
    "trimmed": false,
    "spriteSourceSize": { "x": 0, "y": 0, "w": 160, "h": 160 },
    "sourceSize": { "w": 160, "h": 160 },
    "duration": 100
   },
   "Goblin Warrior_Anims #WD 1.aseprite": {
    "frame": { "x": 160, "y": 640, "w": 160, "h": 160 },
    "rotated": false,
    "trimmed": false,
    "spriteSourceSize": { "x": 0, "y": 0, "w": 160, "h": 160 },
    "sourceSize": { "w": 160, "h": 160 },
    "duration": 100
   },
   "Goblin Warrior_Anims #WD 2.aseprite": {
    "frame": { "x": 320, "y": 640, "w": 160, "h": 160 },
    "rotated": false,
    "trimmed": false,
    "spriteSourceSize": { "x": 0, "y": 0, "w": 160, "h": 160 },
    "sourceSize": { "w": 160, "h": 160 },
    "duration": 100
   },
   "Goblin Warrior_Anims #WD 3.aseprite": {
    "frame": { "x": 480, "y": 640, "w": 160, "h": 160 },
    "rotated": false,
    "trimmed": false,
    "spriteSourceSize": { "x": 0, "y": 0, "w": 160, "h": 160 },
    "sourceSize": { "w": 160, "h": 160 },
    "duration": 100
   },
   "Goblin Warrior_Anims #WD 4.aseprite": {
    "frame": { "x": 640, "y": 640, "w": 160, "h": 160 },
    "rotated": false,
    "trimmed": false,
    "spriteSourceSize": { "x": 0, "y": 0, "w": 160, "h": 160 },
    "sourceSize": { "w": 160, "h": 160 },
    "duration": 100
   },
   "Goblin Warrior_Anims #WD 5.aseprite": {
    "frame": { "x": 800, "y": 640, "w": 160, "h": 160 },
    "rotated": false,
    "trimmed": false,
    "spriteSourceSize": { "x": 0, "y": 0, "w": 160, "h": 160 },
    "sourceSize": { "w": 160, "h": 160 },
    "duration": 100
   },
   "Goblin Warrior_Anims #WD 6.aseprite": {
    "frame": { "x": 960, "y": 640, "w": 160, "h": 160 },
    "rotated": false,
    "trimmed": false,
    "spriteSourceSize": { "x": 0, "y": 0, "w": 160, "h": 160 },
    "sourceSize": { "w": 160, "h": 160 },
    "duration": 100
   },
   "Goblin Warrior_Anims #WD 7.aseprite": {
    "frame": { "x": 1120, "y": 640, "w": 160, "h": 160 },
    "rotated": false,
    "trimmed": false,
    "spriteSourceSize": { "x": 0, "y": 0, "w": 160, "h": 160 },
    "sourceSize": { "w": 160, "h": 160 },
    "duration": 100
   },
   "Goblin Warrior_Anims #WR 0.aseprite": {
    "frame": { "x": 0, "y": 800, "w": 160, "h": 160 },
    "rotated": false,
    "trimmed": false,
    "spriteSourceSize": { "x": 0, "y": 0, "w": 160, "h": 160 },
    "sourceSize": { "w": 160, "h": 160 },
    "duration": 100
   },
   "Goblin Warrior_Anims #WR 1.aseprite": {
    "frame": { "x": 160, "y": 800, "w": 160, "h": 160 },
    "rotated": false,
    "trimmed": false,
    "spriteSourceSize": { "x": 0, "y": 0, "w": 160, "h": 160 },
    "sourceSize": { "w": 160, "h": 160 },
    "duration": 100
   },
   "Goblin Warrior_Anims #WR 2.aseprite": {
    "frame": { "x": 320, "y": 800, "w": 160, "h": 160 },
    "rotated": false,
    "trimmed": false,
    "spriteSourceSize": { "x": 0, "y": 0, "w": 160, "h": 160 },
    "sourceSize": { "w": 160, "h": 160 },
    "duration": 100
   },
   "Goblin Warrior_Anims #WR 3.aseprite": {
    "frame": { "x": 480, "y": 800, "w": 160, "h": 160 },
    "rotated": false,
    "trimmed": false,
    "spriteSourceSize": { "x": 0, "y": 0, "w": 160, "h": 160 },
    "sourceSize": { "w": 160, "h": 160 },
    "duration": 100
   },
   "Goblin Warrior_Anims #WR 4.aseprite": {
    "frame": { "x": 640, "y": 800, "w": 160, "h": 160 },
    "rotated": false,
    "trimmed": false,
    "spriteSourceSize": { "x": 0, "y": 0, "w": 160, "h": 160 },
    "sourceSize": { "w": 160, "h": 160 },
    "duration": 100
   },
   "Goblin Warrior_Anims #WR 5.aseprite": {
    "frame": { "x": 800, "y": 800, "w": 160, "h": 160 },
    "rotated": false,
    "trimmed": false,
    "spriteSourceSize": { "x": 0, "y": 0, "w": 160, "h": 160 },
    "sourceSize": { "w": 160, "h": 160 },
    "duration": 100
   },
   "Goblin Warrior_Anims #WR 6.aseprite": {
    "frame": { "x": 960, "y": 800, "w": 160, "h": 160 },
    "rotated": false,
    "trimmed": false,
    "spriteSourceSize": { "x": 0, "y": 0, "w": 160, "h": 160 },
    "sourceSize": { "w": 160, "h": 160 },
    "duration": 100
   },
   "Goblin Warrior_Anims #WR 7.aseprite": {
    "frame": { "x": 1120, "y": 800, "w": 160, "h": 160 },
    "rotated": false,
    "trimmed": false,
    "spriteSourceSize": { "x": 0, "y": 0, "w": 160, "h": 160 },
    "sourceSize": { "w": 160, "h": 160 },
    "duration": 100
   },
   "Goblin Warrior_Anims #WL 0.aseprite": {
    "frame": { "x": 0, "y": 960, "w": 160, "h": 160 },
    "rotated": false,
    "trimmed": false,
    "spriteSourceSize": { "x": 0, "y": 0, "w": 160, "h": 160 },
    "sourceSize": { "w": 160, "h": 160 },
    "duration": 100
   },
   "Goblin Warrior_Anims #WL 1.aseprite": {
    "frame": { "x": 160, "y": 960, "w": 160, "h": 160 },
    "rotated": false,
    "trimmed": false,
    "spriteSourceSize": { "x": 0, "y": 0, "w": 160, "h": 160 },
    "sourceSize": { "w": 160, "h": 160 },
    "duration": 100
   },
   "Goblin Warrior_Anims #WL 2.aseprite": {
    "frame": { "x": 320, "y": 960, "w": 160, "h": 160 },
    "rotated": false,
    "trimmed": false,
    "spriteSourceSize": { "x": 0, "y": 0, "w": 160, "h": 160 },
    "sourceSize": { "w": 160, "h": 160 },
    "duration": 100
   },
   "Goblin Warrior_Anims #WL 3.aseprite": {
    "frame": { "x": 480, "y": 960, "w": 160, "h": 160 },
    "rotated": false,
    "trimmed": false,
    "spriteSourceSize": { "x": 0, "y": 0, "w": 160, "h": 160 },
    "sourceSize": { "w": 160, "h": 160 },
    "duration": 100
   },
   "Goblin Warrior_Anims #WL 4.aseprite": {
    "frame": { "x": 640, "y": 960, "w": 160, "h": 160 },
    "rotated": false,
    "trimmed": false,
    "spriteSourceSize": { "x": 0, "y": 0, "w": 160, "h": 160 },
    "sourceSize": { "w": 160, "h": 160 },
    "duration": 100
   },
   "Goblin Warrior_Anims #WL 5.aseprite": {
    "frame": { "x": 800, "y": 960, "w": 160, "h": 160 },
    "rotated": false,
    "trimmed": false,
    "spriteSourceSize": { "x": 0, "y": 0, "w": 160, "h": 160 },
    "sourceSize": { "w": 160, "h": 160 },
    "duration": 100
   },
   "Goblin Warrior_Anims #WL 6.aseprite": {
    "frame": { "x": 960, "y": 960, "w": 160, "h": 160 },
    "rotated": false,
    "trimmed": false,
    "spriteSourceSize": { "x": 0, "y": 0, "w": 160, "h": 160 },
    "sourceSize": { "w": 160, "h": 160 },
    "duration": 100
   },
   "Goblin Warrior_Anims #WL 7.aseprite": {
    "frame": { "x": 1120, "y": 960, "w": 160, "h": 160 },
    "rotated": false,
    "trimmed": false,
    "spriteSourceSize": { "x": 0, "y": 0, "w": 160, "h": 160 },
    "sourceSize": { "w": 160, "h": 160 },
    "duration": 100
   },
   "Goblin Warrior_Anims #WU 0.aseprite": {
    "frame": { "x": 0, "y": 1120, "w": 160, "h": 160 },
    "rotated": false,
    "trimmed": false,
    "spriteSourceSize": { "x": 0, "y": 0, "w": 160, "h": 160 },
    "sourceSize": { "w": 160, "h": 160 },
    "duration": 100
   },
   "Goblin Warrior_Anims #WU 1.aseprite": {
    "frame": { "x": 160, "y": 1120, "w": 160, "h": 160 },
    "rotated": false,
    "trimmed": false,
    "spriteSourceSize": { "x": 0, "y": 0, "w": 160, "h": 160 },
    "sourceSize": { "w": 160, "h": 160 },
    "duration": 100
   },
   "Goblin Warrior_Anims #WU 2.aseprite": {
    "frame": { "x": 320, "y": 1120, "w": 160, "h": 160 },
    "rotated": false,
    "trimmed": false,
    "spriteSourceSize": { "x": 0, "y": 0, "w": 160, "h": 160 },
    "sourceSize": { "w": 160, "h": 160 },
    "duration": 100
   },
   "Goblin Warrior_Anims #WU 3.aseprite": {
    "frame": { "x": 480, "y": 1120, "w": 160, "h": 160 },
    "rotated": false,
    "trimmed": false,
    "spriteSourceSize": { "x": 0, "y": 0, "w": 160, "h": 160 },
    "sourceSize": { "w": 160, "h": 160 },
    "duration": 100
   },
   "Goblin Warrior_Anims #WU 4.aseprite": {
    "frame": { "x": 640, "y": 1120, "w": 160, "h": 160 },
    "rotated": false,
    "trimmed": false,
    "spriteSourceSize": { "x": 0, "y": 0, "w": 160, "h": 160 },
    "sourceSize": { "w": 160, "h": 160 },
    "duration": 100
   },
   "Goblin Warrior_Anims #WU 5.aseprite": {
    "frame": { "x": 800, "y": 1120, "w": 160, "h": 160 },
    "rotated": false,
    "trimmed": false,
    "spriteSourceSize": { "x": 0, "y": 0, "w": 160, "h": 160 },
    "sourceSize": { "w": 160, "h": 160 },
    "duration": 100
   },
   "Goblin Warrior_Anims #WU 6.aseprite": {
    "frame": { "x": 960, "y": 1120, "w": 160, "h": 160 },
    "rotated": false,
    "trimmed": false,
    "spriteSourceSize": { "x": 0, "y": 0, "w": 160, "h": 160 },
    "sourceSize": { "w": 160, "h": 160 },
    "duration": 100
   },
   "Goblin Warrior_Anims #WU 7.aseprite": {
    "frame": { "x": 1120, "y": 1120, "w": 160, "h": 160 },
    "rotated": false,
    "trimmed": false,
    "spriteSourceSize": { "x": 0, "y": 0, "w": 160, "h": 160 },
    "sourceSize": { "w": 160, "h": 160 },
    "duration": 100
   }
 },
 "meta": {
  "app": "https://www.aseprite.org/",
  "version": "1.3.5-x64",
  "image": "Goblin Warrior.png",
  "format": "RGBA8888",
  "size": { "w": 1280, "h": 1280 },
  "scale": "1",
  "frameTags": [
   { "name": "ID", "from": 1, "to": 4, "direction": "forward", "color": "#000000ff" },
   { "name": "IR", "from": 5, "to": 8, "direction": "forward", "color": "#000000ff" },
   { "name": "IL", "from": 9, "to": 12, "direction": "forward", "color": "#000000ff" },
   { "name": "IU", "from": 13, "to": 16, "direction": "forward", "color": "#000000ff" },
   { "name": "WD", "from": 17, "to": 24, "direction": "forward", "color": "#000000ff" },
   { "name": "WR", "from": 25, "to": 32, "direction": "forward", "color": "#000000ff" },
   { "name": "WL", "from": 33, "to": 40, "direction": "forward", "color": "#000000ff" },
   { "name": "WU", "from": 41, "to": 48, "direction": "forward", "color": "#000000ff" }
  ],
  "layers": [
   { "name": "bod", "cels": [{ "frame": 13, "zIndex": -1 }, { "frame": 14, "zIndex": -1 }, { "frame": 15, "zIndex": -1 }, { "frame": 16, "zIndex": -1 }, { "frame": 33, "zIndex": 1 }, { "frame": 34, "zIndex": 1 }, { "frame": 35, "zIndex": 1 }, { "frame": 36, "zIndex": 1 }, { "frame": 37, "zIndex": 1 }, { "frame": 38, "zIndex": 1 }, { "frame": 39, "zIndex": 1 }, { "frame": 40, "zIndex": 1 }, { "frame": 41, "zIndex": -1 }, { "frame": 42, "zIndex": -1 }, { "frame": 43, "zIndex": -1 }, { "frame": 44, "zIndex": -1 }, { "frame": 45, "zIndex": -1 }, { "frame": 46, "zIndex": -1 }, { "frame": 47, "zIndex": -1 }, { "frame": 48, "zIndex": -1 }, { "frame": 9, "zIndex": -1 }, { "frame": 10, "zIndex": -1 }, { "frame": 11, "zIndex": -1 }, { "frame": 12, "zIndex": -1 }, { "frame": 13, "zIndex": -3 }, { "frame": 14, "zIndex": -3 }, { "frame": 15, "zIndex": -3 }, { "frame": 16, "zIndex": -3 }, { "frame": 41, "zIndex": -3 }, { "frame": 42, "zIndex": -3 }, { "frame": 43, "zIndex": -3 }, { "frame": 44, "zIndex": -3 }, { "frame": 45, "zIndex": -3 }, { "frame": 46, "zIndex": -3 }, { "frame": 48, "zIndex": -3 }] },
   { "name": "bod", "group": "bod", "opacity": 255, "blendMode": "normal" },
   { "name": "shield", "group": "bod", "opacity": 255, "blendMode": "normal", "cels": [{ "frame": 13, "zIndex": -1 }, { "frame": 14, "zIndex": -1 }, { "frame": 15, "zIndex": -1 }, { "frame": 16, "zIndex": -1 }, { "frame": 33, "zIndex": 1 }, { "frame": 34, "zIndex": 1 }, { "frame": 35, "zIndex": 1 }, { "frame": 36, "zIndex": 1 }, { "frame": 37, "zIndex": 1 }, { "frame": 38, "zIndex": 1 }, { "frame": 39, "zIndex": 1 }, { "frame": 40, "zIndex": 1 }, { "frame": 41, "zIndex": -1 }, { "frame": 42, "zIndex": -1 }, { "frame": 43, "zIndex": -1 }, { "frame": 44, "zIndex": -1 }, { "frame": 45, "zIndex": -1 }, { "frame": 46, "zIndex": -1 }, { "frame": 47, "zIndex": -1 }, { "frame": 48, "zIndex": -1 }] },
   { "name": "sword", "group": "bod", "opacity": 255, "blendMode": "normal", "cels": [{ "frame": 9, "zIndex": -1 }, { "frame": 10, "zIndex": -1 }, { "frame": 11, "zIndex": -1 }, { "frame": 12, "zIndex": -1 }, { "frame": 13, "zIndex": -3 }, { "frame": 14, "zIndex": -3 }, { "frame": 15, "zIndex": -3 }, { "frame": 16, "zIndex": -3 }, { "frame": 41, "zIndex": -3 }, { "frame": 42, "zIndex": -3 }, { "frame": 43, "zIndex": -3 }, { "frame": 44, "zIndex": -3 }, { "frame": 45, "zIndex": -3 }, { "frame": 46, "zIndex": -3 }, { "frame": 48, "zIndex": -3 }] },
   { "name": "fx", "opacity": 255, "blendMode": "normal" }
  ],
  "slices": [
  ]
 }
}
