{ "frames": {
   "BoneArrow #Anim 0.aseprite": {
    "frame": { "x": 0, "y": 0, "w": 20, "h": 20 },
    "rotated": false,
    "trimmed": false,
    "spriteSourceSize": { "x": 0, "y": 0, "w": 20, "h": 20 },
    "sourceSize": { "w": 20, "h": 20 },
    "duration": 100
   },
   "BoneArrow #Anim 1.aseprite": {
    "frame": { "x": 20, "y": 0, "w": 20, "h": 20 },
    "rotated": false,
    "trimmed": false,
    "spriteSourceSize": { "x": 0, "y": 0, "w": 20, "h": 20 },
    "sourceSize": { "w": 20, "h": 20 },
    "duration": 100
   },
   "BoneArrow #Anim 2.aseprite": {
    "frame": { "x": 40, "y": 0, "w": 20, "h": 20 },
    "rotated": false,
    "trimmed": false,
    "spriteSourceSize": { "x": 0, "y": 0, "w": 20, "h": 20 },
    "sourceSize": { "w": 20, "h": 20 },
    "duration": 100
   },
   "BoneArrow #Anim 3.aseprite": {
    "frame": { "x": 60, "y": 0, "w": 20, "h": 20 },
    "rotated": false,
    "trimmed": false,
    "spriteSourceSize": { "x": 0, "y": 0, "w": 20, "h": 20 },
    "sourceSize": { "w": 20, "h": 20 },
    "duration": 100
   }
 },
 "meta": {
  "app": "https://www.aseprite.org/",
  "version": "1.3.5-x64",
  "image": "BoneArrowfx.png",
  "format": "RGBA8888",
  "size": { "w": 80, "h": 20 },
  "scale": "1",
  "frameTags": [
   { "name": "Anim", "from": 1, "to": 4, "direction": "forward", "color": "#000000ff" }
  ],
  "layers": [
   { "name": "Layer 1", "opacity": 255, "blendMode": "normal" },
   { "name": "Layer 2", "opacity": 255, "blendMode": "normal" }
  ],
  "slices": [
  ]
 }
}
