{ "frames": {
   "poison2 0.aseprite": {
    "frame": { "x": 0, "y": 0, "w": 19, "h": 62 },
    "rotated": false,
    "trimmed": false,
    "spriteSourceSize": { "x": 0, "y": 0, "w": 19, "h": 62 },
    "sourceSize": { "w": 19, "h": 62 },
    "duration": 20
   },
   "poison2 1.aseprite": {
    "frame": { "x": 19, "y": 0, "w": 19, "h": 62 },
    "rotated": false,
    "trimmed": false,
    "spriteSourceSize": { "x": 0, "y": 0, "w": 19, "h": 62 },
    "sourceSize": { "w": 19, "h": 62 },
    "duration": 20
   },
   "poison2 2.aseprite": {
    "frame": { "x": 38, "y": 0, "w": 19, "h": 62 },
    "rotated": false,
    "trimmed": false,
    "spriteSourceSize": { "x": 0, "y": 0, "w": 19, "h": 62 },
    "sourceSize": { "w": 19, "h": 62 },
    "duration": 20
   },
   "poison2 3.aseprite": {
    "frame": { "x": 57, "y": 0, "w": 19, "h": 62 },
    "rotated": false,
    "trimmed": false,
    "spriteSourceSize": { "x": 0, "y": 0, "w": 19, "h": 62 },
    "sourceSize": { "w": 19, "h": 62 },
    "duration": 20
   },
   "poison2 4.aseprite": {
    "frame": { "x": 76, "y": 0, "w": 19, "h": 62 },
    "rotated": false,
    "trimmed": false,
    "spriteSourceSize": { "x": 0, "y": 0, "w": 19, "h": 62 },
    "sourceSize": { "w": 19, "h": 62 },
    "duration": 20
   },
   "poison2 5.aseprite": {
    "frame": { "x": 95, "y": 0, "w": 19, "h": 62 },
    "rotated": false,
    "trimmed": false,
    "spriteSourceSize": { "x": 0, "y": 0, "w": 19, "h": 62 },
    "sourceSize": { "w": 19, "h": 62 },
    "duration": 20
   },
   "poison2 6.aseprite": {
    "frame": { "x": 114, "y": 0, "w": 19, "h": 62 },
    "rotated": false,
    "trimmed": false,
    "spriteSourceSize": { "x": 0, "y": 0, "w": 19, "h": 62 },
    "sourceSize": { "w": 19, "h": 62 },
    "duration": 20
   },
   "poison2 7.aseprite": {
    "frame": { "x": 133, "y": 0, "w": 19, "h": 62 },
    "rotated": false,
    "trimmed": false,
    "spriteSourceSize": { "x": 0, "y": 0, "w": 19, "h": 62 },
    "sourceSize": { "w": 19, "h": 62 },
    "duration": 20
   },
   "poison2 8.aseprite": {
    "frame": { "x": 152, "y": 0, "w": 19, "h": 62 },
    "rotated": false,
    "trimmed": false,
    "spriteSourceSize": { "x": 0, "y": 0, "w": 19, "h": 62 },
    "sourceSize": { "w": 19, "h": 62 },
    "duration": 20
   },
   "poison2 9.aseprite": {
    "frame": { "x": 171, "y": 0, "w": 19, "h": 62 },
    "rotated": false,
    "trimmed": false,
    "spriteSourceSize": { "x": 0, "y": 0, "w": 19, "h": 62 },
    "sourceSize": { "w": 19, "h": 62 },
    "duration": 20
   },
   "poison2 10.aseprite": {
    "frame": { "x": 190, "y": 0, "w": 19, "h": 62 },
    "rotated": false,
    "trimmed": false,
    "spriteSourceSize": { "x": 0, "y": 0, "w": 19, "h": 62 },
    "sourceSize": { "w": 19, "h": 62 },
    "duration": 20
   },
   "poison2 11.aseprite": {
    "frame": { "x": 209, "y": 0, "w": 19, "h": 62 },
    "rotated": false,
    "trimmed": false,
    "spriteSourceSize": { "x": 0, "y": 0, "w": 19, "h": 62 },
    "sourceSize": { "w": 19, "h": 62 },
    "duration": 20
   },
   "poison2 12.aseprite": {
    "frame": { "x": 228, "y": 0, "w": 19, "h": 62 },
    "rotated": false,
    "trimmed": false,
    "spriteSourceSize": { "x": 0, "y": 0, "w": 19, "h": 62 },
    "sourceSize": { "w": 19, "h": 62 },
    "duration": 20
   },
   "poison2 13.aseprite": {
    "frame": { "x": 247, "y": 0, "w": 19, "h": 62 },
    "rotated": false,
    "trimmed": false,
    "spriteSourceSize": { "x": 0, "y": 0, "w": 19, "h": 62 },
    "sourceSize": { "w": 19, "h": 62 },
    "duration": 20
   },
   "poison2 14.aseprite": {
    "frame": { "x": 266, "y": 0, "w": 19, "h": 62 },
    "rotated": false,
    "trimmed": false,
    "spriteSourceSize": { "x": 0, "y": 0, "w": 19, "h": 62 },
    "sourceSize": { "w": 19, "h": 62 },
    "duration": 20
   },
   "poison2 15.aseprite": {
    "frame": { "x": 285, "y": 0, "w": 19, "h": 62 },
    "rotated": false,
    "trimmed": false,
    "spriteSourceSize": { "x": 0, "y": 0, "w": 19, "h": 62 },
    "sourceSize": { "w": 19, "h": 62 },
    "duration": 20
   },
   "poison2 16.aseprite": {
    "frame": { "x": 304, "y": 0, "w": 19, "h": 62 },
    "rotated": false,
    "trimmed": false,
    "spriteSourceSize": { "x": 0, "y": 0, "w": 19, "h": 62 },
    "sourceSize": { "w": 19, "h": 62 },
    "duration": 20
   },
   "poison2 17.aseprite": {
    "frame": { "x": 323, "y": 0, "w": 19, "h": 62 },
    "rotated": false,
    "trimmed": false,
    "spriteSourceSize": { "x": 0, "y": 0, "w": 19, "h": 62 },
    "sourceSize": { "w": 19, "h": 62 },
    "duration": 20
   },
   "poison2 18.aseprite": {
    "frame": { "x": 342, "y": 0, "w": 19, "h": 62 },
    "rotated": false,
    "trimmed": false,
    "spriteSourceSize": { "x": 0, "y": 0, "w": 19, "h": 62 },
    "sourceSize": { "w": 19, "h": 62 },
    "duration": 20
   },
   "poison2 19.aseprite": {
    "frame": { "x": 361, "y": 0, "w": 19, "h": 62 },
    "rotated": false,
    "trimmed": false,
    "spriteSourceSize": { "x": 0, "y": 0, "w": 19, "h": 62 },
    "sourceSize": { "w": 19, "h": 62 },
    "duration": 20
   },
   "poison2 20.aseprite": {
    "frame": { "x": 380, "y": 0, "w": 19, "h": 62 },
    "rotated": false,
    "trimmed": false,
    "spriteSourceSize": { "x": 0, "y": 0, "w": 19, "h": 62 },
    "sourceSize": { "w": 19, "h": 62 },
    "duration": 20
   },
   "poison2 21.aseprite": {
    "frame": { "x": 399, "y": 0, "w": 19, "h": 62 },
    "rotated": false,
    "trimmed": false,
    "spriteSourceSize": { "x": 0, "y": 0, "w": 19, "h": 62 },
    "sourceSize": { "w": 19, "h": 62 },
    "duration": 20
   },
   "poison2 22.aseprite": {
    "frame": { "x": 418, "y": 0, "w": 19, "h": 62 },
    "rotated": false,
    "trimmed": false,
    "spriteSourceSize": { "x": 0, "y": 0, "w": 19, "h": 62 },
    "sourceSize": { "w": 19, "h": 62 },
    "duration": 20
   },
   "poison2 23.aseprite": {
    "frame": { "x": 437, "y": 0, "w": 19, "h": 62 },
    "rotated": false,
    "trimmed": false,
    "spriteSourceSize": { "x": 0, "y": 0, "w": 19, "h": 62 },
    "sourceSize": { "w": 19, "h": 62 },
    "duration": 20
   },
   "poison2 24.aseprite": {
    "frame": { "x": 456, "y": 0, "w": 19, "h": 62 },
    "rotated": false,
    "trimmed": false,
    "spriteSourceSize": { "x": 0, "y": 0, "w": 19, "h": 62 },
    "sourceSize": { "w": 19, "h": 62 },
    "duration": 20
   },
   "poison2 25.aseprite": {
    "frame": { "x": 475, "y": 0, "w": 19, "h": 62 },
    "rotated": false,
    "trimmed": false,
    "spriteSourceSize": { "x": 0, "y": 0, "w": 19, "h": 62 },
    "sourceSize": { "w": 19, "h": 62 },
    "duration": 20
   },
   "poison2 26.aseprite": {
    "frame": { "x": 494, "y": 0, "w": 19, "h": 62 },
    "rotated": false,
    "trimmed": false,
    "spriteSourceSize": { "x": 0, "y": 0, "w": 19, "h": 62 },
    "sourceSize": { "w": 19, "h": 62 },
    "duration": 20
   },
   "poison2 27.aseprite": {
    "frame": { "x": 513, "y": 0, "w": 19, "h": 62 },
    "rotated": false,
    "trimmed": false,
    "spriteSourceSize": { "x": 0, "y": 0, "w": 19, "h": 62 },
    "sourceSize": { "w": 19, "h": 62 },
    "duration": 20
   },
   "poison2 28.aseprite": {
    "frame": { "x": 532, "y": 0, "w": 19, "h": 62 },
    "rotated": false,
    "trimmed": false,
    "spriteSourceSize": { "x": 0, "y": 0, "w": 19, "h": 62 },
    "sourceSize": { "w": 19, "h": 62 },
    "duration": 20
   },
   "poison2 29.aseprite": {
    "frame": { "x": 551, "y": 0, "w": 19, "h": 62 },
    "rotated": false,
    "trimmed": false,
    "spriteSourceSize": { "x": 0, "y": 0, "w": 19, "h": 62 },
    "sourceSize": { "w": 19, "h": 62 },
    "duration": 20
   },
   "poison2 30.aseprite": {
    "frame": { "x": 570, "y": 0, "w": 19, "h": 62 },
    "rotated": false,
    "trimmed": false,
    "spriteSourceSize": { "x": 0, "y": 0, "w": 19, "h": 62 },
    "sourceSize": { "w": 19, "h": 62 },
    "duration": 20
   },
   "poison2 31.aseprite": {
    "frame": { "x": 589, "y": 0, "w": 19, "h": 62 },
    "rotated": false,
    "trimmed": false,
    "spriteSourceSize": { "x": 0, "y": 0, "w": 19, "h": 62 },
    "sourceSize": { "w": 19, "h": 62 },
    "duration": 20
   },
   "poison2 32.aseprite": {
    "frame": { "x": 608, "y": 0, "w": 19, "h": 62 },
    "rotated": false,
    "trimmed": false,
    "spriteSourceSize": { "x": 0, "y": 0, "w": 19, "h": 62 },
    "sourceSize": { "w": 19, "h": 62 },
    "duration": 20
   },
   "poison2 33.aseprite": {
    "frame": { "x": 627, "y": 0, "w": 19, "h": 62 },
    "rotated": false,
    "trimmed": false,
    "spriteSourceSize": { "x": 0, "y": 0, "w": 19, "h": 62 },
    "sourceSize": { "w": 19, "h": 62 },
    "duration": 20
   },
   "poison2 34.aseprite": {
    "frame": { "x": 646, "y": 0, "w": 19, "h": 62 },
    "rotated": false,
    "trimmed": false,
    "spriteSourceSize": { "x": 0, "y": 0, "w": 19, "h": 62 },
    "sourceSize": { "w": 19, "h": 62 },
    "duration": 20
   },
   "poison2 35.aseprite": {
    "frame": { "x": 665, "y": 0, "w": 19, "h": 62 },
    "rotated": false,
    "trimmed": false,
    "spriteSourceSize": { "x": 0, "y": 0, "w": 19, "h": 62 },
    "sourceSize": { "w": 19, "h": 62 },
    "duration": 20
   },
   "poison2 36.aseprite": {
    "frame": { "x": 684, "y": 0, "w": 19, "h": 62 },
    "rotated": false,
    "trimmed": false,
    "spriteSourceSize": { "x": 0, "y": 0, "w": 19, "h": 62 },
    "sourceSize": { "w": 19, "h": 62 },
    "duration": 20
   },
   "poison2 37.aseprite": {
    "frame": { "x": 703, "y": 0, "w": 19, "h": 62 },
    "rotated": false,
    "trimmed": false,
    "spriteSourceSize": { "x": 0, "y": 0, "w": 19, "h": 62 },
    "sourceSize": { "w": 19, "h": 62 },
    "duration": 20
   },
   "poison2 38.aseprite": {
    "frame": { "x": 722, "y": 0, "w": 19, "h": 62 },
    "rotated": false,
    "trimmed": false,
    "spriteSourceSize": { "x": 0, "y": 0, "w": 19, "h": 62 },
    "sourceSize": { "w": 19, "h": 62 },
    "duration": 20
   },
   "poison2 39.aseprite": {
    "frame": { "x": 741, "y": 0, "w": 19, "h": 62 },
    "rotated": false,
    "trimmed": false,
    "spriteSourceSize": { "x": 0, "y": 0, "w": 19, "h": 62 },
    "sourceSize": { "w": 19, "h": 62 },
    "duration": 20
   },
   "poison2 40.aseprite": {
    "frame": { "x": 760, "y": 0, "w": 19, "h": 62 },
    "rotated": false,
    "trimmed": false,
    "spriteSourceSize": { "x": 0, "y": 0, "w": 19, "h": 62 },
    "sourceSize": { "w": 19, "h": 62 },
    "duration": 20
   },
   "poison2 41.aseprite": {
    "frame": { "x": 779, "y": 0, "w": 19, "h": 62 },
    "rotated": false,
    "trimmed": false,
    "spriteSourceSize": { "x": 0, "y": 0, "w": 19, "h": 62 },
    "sourceSize": { "w": 19, "h": 62 },
    "duration": 20
   }
 },
 "meta": {
  "app": "https://www.aseprite.org/",
  "version": "1.3.5-x64",
  "image": "poison2.png",
  "format": "I8",
  "size": { "w": 798, "h": 62 },
  "scale": "1",
  "frameTags": [
   { "name": "initial", "from": 0, "to": 19, "direction": "forward", "color": "#000000ff" },
   { "name": "travel", "from": 20, "to": 28, "direction": "forward", "color": "#000000ff" },
   { "name": "miss", "from": 29, "to": 39, "direction": "forward", "color": "#000000ff" },
   { "name": "splash", "from": 41, "to": 41, "direction": "forward", "color": "#000000ff" }
  ],
  "layers": [
   { "name": "Layer", "opacity": 255, "blendMode": "normal" }
  ],
  "slices": [
  ]
 }
}
