{ "frames": {
   "GoblinArcherAtk #AtkD 0.aseprite": {
    "frame": { "x": 0, "y": 0, "w": 128, "h": 128 },
    "rotated": false,
    "trimmed": false,
    "spriteSourceSize": { "x": 0, "y": 0, "w": 128, "h": 128 },
    "sourceSize": { "w": 128, "h": 128 },
    "duration": 100
   },
   "GoblinArcherAtk #AtkD 1.aseprite": {
    "frame": { "x": 128, "y": 0, "w": 128, "h": 128 },
    "rotated": false,
    "trimmed": false,
    "spriteSourceSize": { "x": 0, "y": 0, "w": 128, "h": 128 },
    "sourceSize": { "w": 128, "h": 128 },
    "duration": 100
   },
   "GoblinArcherAtk #AtkD 2.aseprite": {
    "frame": { "x": 256, "y": 0, "w": 128, "h": 128 },
    "rotated": false,
    "trimmed": false,
    "spriteSourceSize": { "x": 0, "y": 0, "w": 128, "h": 128 },
    "sourceSize": { "w": 128, "h": 128 },
    "duration": 100
   },
   "GoblinArcherAtk #AtkD 3.aseprite": {
    "frame": { "x": 384, "y": 0, "w": 128, "h": 128 },
    "rotated": false,
    "trimmed": false,
    "spriteSourceSize": { "x": 0, "y": 0, "w": 128, "h": 128 },
    "sourceSize": { "w": 128, "h": 128 },
    "duration": 100
   },
   "GoblinArcherAtk #AtkD 4.aseprite": {
    "frame": { "x": 512, "y": 0, "w": 128, "h": 128 },
    "rotated": false,
    "trimmed": false,
    "spriteSourceSize": { "x": 0, "y": 0, "w": 128, "h": 128 },
    "sourceSize": { "w": 128, "h": 128 },
    "duration": 100
   },
   "GoblinArcherAtk #AtkD 5.aseprite": {
    "frame": { "x": 640, "y": 0, "w": 128, "h": 128 },
    "rotated": false,
    "trimmed": false,
    "spriteSourceSize": { "x": 0, "y": 0, "w": 128, "h": 128 },
    "sourceSize": { "w": 128, "h": 128 },
    "duration": 100
   },
   "GoblinArcherAtk #AtkD 6.aseprite": {
    "frame": { "x": 768, "y": 0, "w": 128, "h": 128 },
    "rotated": false,
    "trimmed": false,
    "spriteSourceSize": { "x": 0, "y": 0, "w": 128, "h": 128 },
    "sourceSize": { "w": 128, "h": 128 },
    "duration": 100
   },
   "GoblinArcherAtk #AtkR 0.aseprite": {
    "frame": { "x": 0, "y": 128, "w": 128, "h": 128 },
    "rotated": false,
    "trimmed": false,
    "spriteSourceSize": { "x": 0, "y": 0, "w": 128, "h": 128 },
    "sourceSize": { "w": 128, "h": 128 },
    "duration": 100
   },
   "GoblinArcherAtk #AtkR 1.aseprite": {
    "frame": { "x": 128, "y": 128, "w": 128, "h": 128 },
    "rotated": false,
    "trimmed": false,
    "spriteSourceSize": { "x": 0, "y": 0, "w": 128, "h": 128 },
    "sourceSize": { "w": 128, "h": 128 },
    "duration": 100
   },
   "GoblinArcherAtk #AtkR 2.aseprite": {
    "frame": { "x": 256, "y": 128, "w": 128, "h": 128 },
    "rotated": false,
    "trimmed": false,
    "spriteSourceSize": { "x": 0, "y": 0, "w": 128, "h": 128 },
    "sourceSize": { "w": 128, "h": 128 },
    "duration": 100
   },
   "GoblinArcherAtk #AtkR 3.aseprite": {
    "frame": { "x": 384, "y": 128, "w": 128, "h": 128 },
    "rotated": false,
    "trimmed": false,
    "spriteSourceSize": { "x": 0, "y": 0, "w": 128, "h": 128 },
    "sourceSize": { "w": 128, "h": 128 },
    "duration": 100
   },
   "GoblinArcherAtk #AtkR 4.aseprite": {
    "frame": { "x": 512, "y": 128, "w": 128, "h": 128 },
    "rotated": false,
    "trimmed": false,
    "spriteSourceSize": { "x": 0, "y": 0, "w": 128, "h": 128 },
    "sourceSize": { "w": 128, "h": 128 },
    "duration": 100
   },
   "GoblinArcherAtk #AtkR 5.aseprite": {
    "frame": { "x": 640, "y": 128, "w": 128, "h": 128 },
    "rotated": false,
    "trimmed": false,
    "spriteSourceSize": { "x": 0, "y": 0, "w": 128, "h": 128 },
    "sourceSize": { "w": 128, "h": 128 },
    "duration": 100
   },
   "GoblinArcherAtk #AtkR 6.aseprite": {
    "frame": { "x": 768, "y": 128, "w": 128, "h": 128 },
    "rotated": false,
    "trimmed": false,
    "spriteSourceSize": { "x": 0, "y": 0, "w": 128, "h": 128 },
    "sourceSize": { "w": 128, "h": 128 },
    "duration": 100
   },
   "GoblinArcherAtk #AtkL 0.aseprite": {
    "frame": { "x": 0, "y": 256, "w": 128, "h": 128 },
    "rotated": false,
    "trimmed": false,
    "spriteSourceSize": { "x": 0, "y": 0, "w": 128, "h": 128 },
    "sourceSize": { "w": 128, "h": 128 },
    "duration": 100
   },
   "GoblinArcherAtk #AtkL 1.aseprite": {
    "frame": { "x": 128, "y": 256, "w": 128, "h": 128 },
    "rotated": false,
    "trimmed": false,
    "spriteSourceSize": { "x": 0, "y": 0, "w": 128, "h": 128 },
    "sourceSize": { "w": 128, "h": 128 },
    "duration": 100
   },
   "GoblinArcherAtk #AtkL 2.aseprite": {
    "frame": { "x": 256, "y": 256, "w": 128, "h": 128 },
    "rotated": false,
    "trimmed": false,
    "spriteSourceSize": { "x": 0, "y": 0, "w": 128, "h": 128 },
    "sourceSize": { "w": 128, "h": 128 },
    "duration": 100
   },
   "GoblinArcherAtk #AtkL 3.aseprite": {
    "frame": { "x": 384, "y": 256, "w": 128, "h": 128 },
    "rotated": false,
    "trimmed": false,
    "spriteSourceSize": { "x": 0, "y": 0, "w": 128, "h": 128 },
    "sourceSize": { "w": 128, "h": 128 },
    "duration": 100
   },
   "GoblinArcherAtk #AtkL 4.aseprite": {
    "frame": { "x": 512, "y": 256, "w": 128, "h": 128 },
    "rotated": false,
    "trimmed": false,
    "spriteSourceSize": { "x": 0, "y": 0, "w": 128, "h": 128 },
    "sourceSize": { "w": 128, "h": 128 },
    "duration": 100
   },
   "GoblinArcherAtk #AtkL 5.aseprite": {
    "frame": { "x": 640, "y": 256, "w": 128, "h": 128 },
    "rotated": false,
    "trimmed": false,
    "spriteSourceSize": { "x": 0, "y": 0, "w": 128, "h": 128 },
    "sourceSize": { "w": 128, "h": 128 },
    "duration": 100
   },
   "GoblinArcherAtk #AtkL 6.aseprite": {
    "frame": { "x": 768, "y": 256, "w": 128, "h": 128 },
    "rotated": false,
    "trimmed": false,
    "spriteSourceSize": { "x": 0, "y": 0, "w": 128, "h": 128 },
    "sourceSize": { "w": 128, "h": 128 },
    "duration": 100
   },
   "GoblinArcherAtk #AtkU 0.aseprite": {
    "frame": { "x": 0, "y": 384, "w": 128, "h": 128 },
    "rotated": false,
    "trimmed": false,
    "spriteSourceSize": { "x": 0, "y": 0, "w": 128, "h": 128 },
    "sourceSize": { "w": 128, "h": 128 },
    "duration": 100
   },
   "GoblinArcherAtk #AtkU 1.aseprite": {
    "frame": { "x": 128, "y": 384, "w": 128, "h": 128 },
    "rotated": false,
    "trimmed": false,
    "spriteSourceSize": { "x": 0, "y": 0, "w": 128, "h": 128 },
    "sourceSize": { "w": 128, "h": 128 },
    "duration": 100
   },
   "GoblinArcherAtk #AtkU 2.aseprite": {
    "frame": { "x": 256, "y": 384, "w": 128, "h": 128 },
    "rotated": false,
    "trimmed": false,
    "spriteSourceSize": { "x": 0, "y": 0, "w": 128, "h": 128 },
    "sourceSize": { "w": 128, "h": 128 },
    "duration": 100
   },
   "GoblinArcherAtk #AtkU 3.aseprite": {
    "frame": { "x": 384, "y": 384, "w": 128, "h": 128 },
    "rotated": false,
    "trimmed": false,
    "spriteSourceSize": { "x": 0, "y": 0, "w": 128, "h": 128 },
    "sourceSize": { "w": 128, "h": 128 },
    "duration": 100
   },
   "GoblinArcherAtk #AtkU 4.aseprite": {
    "frame": { "x": 512, "y": 384, "w": 128, "h": 128 },
    "rotated": false,
    "trimmed": false,
    "spriteSourceSize": { "x": 0, "y": 0, "w": 128, "h": 128 },
    "sourceSize": { "w": 128, "h": 128 },
    "duration": 100
   },
   "GoblinArcherAtk #AtkU 5.aseprite": {
    "frame": { "x": 640, "y": 384, "w": 128, "h": 128 },
    "rotated": false,
    "trimmed": false,
    "spriteSourceSize": { "x": 0, "y": 0, "w": 128, "h": 128 },
    "sourceSize": { "w": 128, "h": 128 },
    "duration": 100
   },
   "GoblinArcherAtk #AtkU 6.aseprite": {
    "frame": { "x": 768, "y": 384, "w": 128, "h": 128 },
    "rotated": false,
    "trimmed": false,
    "spriteSourceSize": { "x": 0, "y": 0, "w": 128, "h": 128 },
    "sourceSize": { "w": 128, "h": 128 },
    "duration": 100
   }
 },
 "meta": {
  "app": "https://www.aseprite.org/",
  "version": "1.3.5-x64",
  "image": "GoblinArcheratk.png",
  "format": "RGBA8888",
  "size": { "w": 896, "h": 512 },
  "scale": "1",
  "frameTags": [
   { "name": "AtkD", "from": 0, "to": 6, "direction": "forward", "color": "#000000ff" },
   { "name": "AtkR", "from": 7, "to": 13, "direction": "forward", "color": "#000000ff" },
   { "name": "AtkL", "from": 14, "to": 20, "direction": "forward", "color": "#000000ff" },
   { "name": "AtkU", "from": 21, "to": 27, "direction": "forward", "color": "#000000ff" }
  ],
  "layers": [
   { "name": "bod", "opacity": 255, "blendMode": "normal" },
   { "name": "arms", "opacity": 255, "blendMode": "normal", "cels": [{ "frame": 21, "zIndex": -1 }, { "frame": 22, "zIndex": -1 }, { "frame": 23, "zIndex": -1 }, { "frame": 24, "zIndex": -1 }, { "frame": 25, "zIndex": -1 }, { "frame": 26, "zIndex": -1 }, { "frame": 27, "zIndex": -1 }] },
   { "name": "Layer 1", "opacity": 255, "blendMode": "normal", "cels": [{ "frame": 1, "zIndex": 1 }, { "frame": 2, "zIndex": 1 }, { "frame": 3, "zIndex": 1 }, { "frame": 4, "zIndex": 1 }, { "frame": 5, "zIndex": 1 }, { "frame": 6, "zIndex": 1 }] },
   { "name": "helm", "opacity": 255, "blendMode": "normal" }
  ],
  "slices": [
  ]
 }
}
