{ "frames": {
   "GoblinArcheranim #Wr 0.aseprite": {
    "frame": { "x": 0, "y": 0, "w": 128, "h": 128 },
    "rotated": false,
    "trimmed": false,
    "spriteSourceSize": { "x": 0, "y": 0, "w": 128, "h": 128 },
    "sourceSize": { "w": 128, "h": 128 },
    "duration": 100
   },
   "GoblinArcheranim #Wr 1.aseprite": {
    "frame": { "x": 128, "y": 0, "w": 128, "h": 128 },
    "rotated": false,
    "trimmed": false,
    "spriteSourceSize": { "x": 0, "y": 0, "w": 128, "h": 128 },
    "sourceSize": { "w": 128, "h": 128 },
    "duration": 100
   },
   "GoblinArcheranim #Wr 2.aseprite": {
    "frame": { "x": 256, "y": 0, "w": 128, "h": 128 },
    "rotated": false,
    "trimmed": false,
    "spriteSourceSize": { "x": 0, "y": 0, "w": 128, "h": 128 },
    "sourceSize": { "w": 128, "h": 128 },
    "duration": 100
   },
   "GoblinArcheranim #Wr 3.aseprite": {
    "frame": { "x": 384, "y": 0, "w": 128, "h": 128 },
    "rotated": false,
    "trimmed": false,
    "spriteSourceSize": { "x": 0, "y": 0, "w": 128, "h": 128 },
    "sourceSize": { "w": 128, "h": 128 },
    "duration": 100
   },
   "GoblinArcheranim #Wr 4.aseprite": {
    "frame": { "x": 512, "y": 0, "w": 128, "h": 128 },
    "rotated": false,
    "trimmed": false,
    "spriteSourceSize": { "x": 0, "y": 0, "w": 128, "h": 128 },
    "sourceSize": { "w": 128, "h": 128 },
    "duration": 100
   },
   "GoblinArcheranim #Wr 5.aseprite": {
    "frame": { "x": 640, "y": 0, "w": 128, "h": 128 },
    "rotated": false,
    "trimmed": false,
    "spriteSourceSize": { "x": 0, "y": 0, "w": 128, "h": 128 },
    "sourceSize": { "w": 128, "h": 128 },
    "duration": 100
   },
   "GoblinArcheranim #Wr 6.aseprite": {
    "frame": { "x": 768, "y": 0, "w": 128, "h": 128 },
    "rotated": false,
    "trimmed": false,
    "spriteSourceSize": { "x": 0, "y": 0, "w": 128, "h": 128 },
    "sourceSize": { "w": 128, "h": 128 },
    "duration": 100
   },
   "GoblinArcheranim #Wr 7.aseprite": {
    "frame": { "x": 896, "y": 0, "w": 128, "h": 128 },
    "rotated": false,
    "trimmed": false,
    "spriteSourceSize": { "x": 0, "y": 0, "w": 128, "h": 128 },
    "sourceSize": { "w": 128, "h": 128 },
    "duration": 100
   },
   "GoblinArcheranim #WL 0.aseprite": {
    "frame": { "x": 0, "y": 128, "w": 128, "h": 128 },
    "rotated": false,
    "trimmed": false,
    "spriteSourceSize": { "x": 0, "y": 0, "w": 128, "h": 128 },
    "sourceSize": { "w": 128, "h": 128 },
    "duration": 100
   },
   "GoblinArcheranim #WL 1.aseprite": {
    "frame": { "x": 128, "y": 128, "w": 128, "h": 128 },
    "rotated": false,
    "trimmed": false,
    "spriteSourceSize": { "x": 0, "y": 0, "w": 128, "h": 128 },
    "sourceSize": { "w": 128, "h": 128 },
    "duration": 100
   },
   "GoblinArcheranim #WL 2.aseprite": {
    "frame": { "x": 256, "y": 128, "w": 128, "h": 128 },
    "rotated": false,
    "trimmed": false,
    "spriteSourceSize": { "x": 0, "y": 0, "w": 128, "h": 128 },
    "sourceSize": { "w": 128, "h": 128 },
    "duration": 100
   },
   "GoblinArcheranim #WL 3.aseprite": {
    "frame": { "x": 384, "y": 128, "w": 128, "h": 128 },
    "rotated": false,
    "trimmed": false,
    "spriteSourceSize": { "x": 0, "y": 0, "w": 128, "h": 128 },
    "sourceSize": { "w": 128, "h": 128 },
    "duration": 100
   },
   "GoblinArcheranim #WL 4.aseprite": {
    "frame": { "x": 512, "y": 128, "w": 128, "h": 128 },
    "rotated": false,
    "trimmed": false,
    "spriteSourceSize": { "x": 0, "y": 0, "w": 128, "h": 128 },
    "sourceSize": { "w": 128, "h": 128 },
    "duration": 100
   },
   "GoblinArcheranim #WL 5.aseprite": {
    "frame": { "x": 640, "y": 128, "w": 128, "h": 128 },
    "rotated": false,
    "trimmed": false,
    "spriteSourceSize": { "x": 0, "y": 0, "w": 128, "h": 128 },
    "sourceSize": { "w": 128, "h": 128 },
    "duration": 100
   },
   "GoblinArcheranim #WL 6.aseprite": {
    "frame": { "x": 768, "y": 128, "w": 128, "h": 128 },
    "rotated": false,
    "trimmed": false,
    "spriteSourceSize": { "x": 0, "y": 0, "w": 128, "h": 128 },
    "sourceSize": { "w": 128, "h": 128 },
    "duration": 100
   },
   "GoblinArcheranim #WL 7.aseprite": {
    "frame": { "x": 896, "y": 128, "w": 128, "h": 128 },
    "rotated": false,
    "trimmed": false,
    "spriteSourceSize": { "x": 0, "y": 0, "w": 128, "h": 128 },
    "sourceSize": { "w": 128, "h": 128 },
    "duration": 100
   },
   "GoblinArcheranim #WU 0.aseprite": {
    "frame": { "x": 0, "y": 256, "w": 128, "h": 128 },
    "rotated": false,
    "trimmed": false,
    "spriteSourceSize": { "x": 0, "y": 0, "w": 128, "h": 128 },
    "sourceSize": { "w": 128, "h": 128 },
    "duration": 100
   },
   "GoblinArcheranim #WU 1.aseprite": {
    "frame": { "x": 128, "y": 256, "w": 128, "h": 128 },
    "rotated": false,
    "trimmed": false,
    "spriteSourceSize": { "x": 0, "y": 0, "w": 128, "h": 128 },
    "sourceSize": { "w": 128, "h": 128 },
    "duration": 100
   },
   "GoblinArcheranim #WU 2.aseprite": {
    "frame": { "x": 256, "y": 256, "w": 128, "h": 128 },
    "rotated": false,
    "trimmed": false,
    "spriteSourceSize": { "x": 0, "y": 0, "w": 128, "h": 128 },
    "sourceSize": { "w": 128, "h": 128 },
    "duration": 100
   },
   "GoblinArcheranim #WU 3.aseprite": {
    "frame": { "x": 384, "y": 256, "w": 128, "h": 128 },
    "rotated": false,
    "trimmed": false,
    "spriteSourceSize": { "x": 0, "y": 0, "w": 128, "h": 128 },
    "sourceSize": { "w": 128, "h": 128 },
    "duration": 100
   },
   "GoblinArcheranim #WU 4.aseprite": {
    "frame": { "x": 512, "y": 256, "w": 128, "h": 128 },
    "rotated": false,
    "trimmed": false,
    "spriteSourceSize": { "x": 0, "y": 0, "w": 128, "h": 128 },
    "sourceSize": { "w": 128, "h": 128 },
    "duration": 100
   },
   "GoblinArcheranim #WU 5.aseprite": {
    "frame": { "x": 640, "y": 256, "w": 128, "h": 128 },
    "rotated": false,
    "trimmed": false,
    "spriteSourceSize": { "x": 0, "y": 0, "w": 128, "h": 128 },
    "sourceSize": { "w": 128, "h": 128 },
    "duration": 100
   },
   "GoblinArcheranim #WU 6.aseprite": {
    "frame": { "x": 768, "y": 256, "w": 128, "h": 128 },
    "rotated": false,
    "trimmed": false,
    "spriteSourceSize": { "x": 0, "y": 0, "w": 128, "h": 128 },
    "sourceSize": { "w": 128, "h": 128 },
    "duration": 100
   },
   "GoblinArcheranim #WU 7.aseprite": {
    "frame": { "x": 896, "y": 256, "w": 128, "h": 128 },
    "rotated": false,
    "trimmed": false,
    "spriteSourceSize": { "x": 0, "y": 0, "w": 128, "h": 128 },
    "sourceSize": { "w": 128, "h": 128 },
    "duration": 100
   },
   "GoblinArcheranim #WD 0.aseprite": {
    "frame": { "x": 0, "y": 384, "w": 128, "h": 128 },
    "rotated": false,
    "trimmed": false,
    "spriteSourceSize": { "x": 0, "y": 0, "w": 128, "h": 128 },
    "sourceSize": { "w": 128, "h": 128 },
    "duration": 100
   },
   "GoblinArcheranim #WD 1.aseprite": {
    "frame": { "x": 128, "y": 384, "w": 128, "h": 128 },
    "rotated": false,
    "trimmed": false,
    "spriteSourceSize": { "x": 0, "y": 0, "w": 128, "h": 128 },
    "sourceSize": { "w": 128, "h": 128 },
    "duration": 100
   },
   "GoblinArcheranim #WD 2.aseprite": {
    "frame": { "x": 256, "y": 384, "w": 128, "h": 128 },
    "rotated": false,
    "trimmed": false,
    "spriteSourceSize": { "x": 0, "y": 0, "w": 128, "h": 128 },
    "sourceSize": { "w": 128, "h": 128 },
    "duration": 100
   },
   "GoblinArcheranim #WD 3.aseprite": {
    "frame": { "x": 384, "y": 384, "w": 128, "h": 128 },
    "rotated": false,
    "trimmed": false,
    "spriteSourceSize": { "x": 0, "y": 0, "w": 128, "h": 128 },
    "sourceSize": { "w": 128, "h": 128 },
    "duration": 100
   },
   "GoblinArcheranim #WD 4.aseprite": {
    "frame": { "x": 512, "y": 384, "w": 128, "h": 128 },
    "rotated": false,
    "trimmed": false,
    "spriteSourceSize": { "x": 0, "y": 0, "w": 128, "h": 128 },
    "sourceSize": { "w": 128, "h": 128 },
    "duration": 100
   },
   "GoblinArcheranim #WD 5.aseprite": {
    "frame": { "x": 640, "y": 384, "w": 128, "h": 128 },
    "rotated": false,
    "trimmed": false,
    "spriteSourceSize": { "x": 0, "y": 0, "w": 128, "h": 128 },
    "sourceSize": { "w": 128, "h": 128 },
    "duration": 100
   },
   "GoblinArcheranim #WD 6.aseprite": {
    "frame": { "x": 768, "y": 384, "w": 128, "h": 128 },
    "rotated": false,
    "trimmed": false,
    "spriteSourceSize": { "x": 0, "y": 0, "w": 128, "h": 128 },
    "sourceSize": { "w": 128, "h": 128 },
    "duration": 100
   },
   "GoblinArcheranim #WD 7.aseprite": {
    "frame": { "x": 896, "y": 384, "w": 128, "h": 128 },
    "rotated": false,
    "trimmed": false,
    "spriteSourceSize": { "x": 0, "y": 0, "w": 128, "h": 128 },
    "sourceSize": { "w": 128, "h": 128 },
    "duration": 100
   },
   "GoblinArcheranim #ID 0.aseprite": {
    "frame": { "x": 0, "y": 512, "w": 128, "h": 128 },
    "rotated": false,
    "trimmed": false,
    "spriteSourceSize": { "x": 0, "y": 0, "w": 128, "h": 128 },
    "sourceSize": { "w": 128, "h": 128 },
    "duration": 100
   },
   "GoblinArcheranim #ID 1.aseprite": {
    "frame": { "x": 128, "y": 512, "w": 128, "h": 128 },
    "rotated": false,
    "trimmed": false,
    "spriteSourceSize": { "x": 0, "y": 0, "w": 128, "h": 128 },
    "sourceSize": { "w": 128, "h": 128 },
    "duration": 100
   },
   "GoblinArcheranim #ID 2.aseprite": {
    "frame": { "x": 256, "y": 512, "w": 128, "h": 128 },
    "rotated": false,
    "trimmed": false,
    "spriteSourceSize": { "x": 0, "y": 0, "w": 128, "h": 128 },
    "sourceSize": { "w": 128, "h": 128 },
    "duration": 100
   },
   "GoblinArcheranim #ID 3.aseprite": {
    "frame": { "x": 384, "y": 512, "w": 128, "h": 128 },
    "rotated": false,
    "trimmed": false,
    "spriteSourceSize": { "x": 0, "y": 0, "w": 128, "h": 128 },
    "sourceSize": { "w": 128, "h": 128 },
    "duration": 100
   },
   "GoblinArcheranim #IR 0.aseprite": {
    "frame": { "x": 0, "y": 640, "w": 128, "h": 128 },
    "rotated": false,
    "trimmed": false,
    "spriteSourceSize": { "x": 0, "y": 0, "w": 128, "h": 128 },
    "sourceSize": { "w": 128, "h": 128 },
    "duration": 100
   },
   "GoblinArcheranim #IR 1.aseprite": {
    "frame": { "x": 128, "y": 640, "w": 128, "h": 128 },
    "rotated": false,
    "trimmed": false,
    "spriteSourceSize": { "x": 0, "y": 0, "w": 128, "h": 128 },
    "sourceSize": { "w": 128, "h": 128 },
    "duration": 100
   },
   "GoblinArcheranim #IR 2.aseprite": {
    "frame": { "x": 256, "y": 640, "w": 128, "h": 128 },
    "rotated": false,
    "trimmed": false,
    "spriteSourceSize": { "x": 0, "y": 0, "w": 128, "h": 128 },
    "sourceSize": { "w": 128, "h": 128 },
    "duration": 100
   },
   "GoblinArcheranim #IR 3.aseprite": {
    "frame": { "x": 384, "y": 640, "w": 128, "h": 128 },
    "rotated": false,
    "trimmed": false,
    "spriteSourceSize": { "x": 0, "y": 0, "w": 128, "h": 128 },
    "sourceSize": { "w": 128, "h": 128 },
    "duration": 100
   },
   "GoblinArcheranim #IL 0.aseprite": {
    "frame": { "x": 0, "y": 768, "w": 128, "h": 128 },
    "rotated": false,
    "trimmed": false,
    "spriteSourceSize": { "x": 0, "y": 0, "w": 128, "h": 128 },
    "sourceSize": { "w": 128, "h": 128 },
    "duration": 100
   },
   "GoblinArcheranim #IL 1.aseprite": {
    "frame": { "x": 128, "y": 768, "w": 128, "h": 128 },
    "rotated": false,
    "trimmed": false,
    "spriteSourceSize": { "x": 0, "y": 0, "w": 128, "h": 128 },
    "sourceSize": { "w": 128, "h": 128 },
    "duration": 100
   },
   "GoblinArcheranim #IL 2.aseprite": {
    "frame": { "x": 256, "y": 768, "w": 128, "h": 128 },
    "rotated": false,
    "trimmed": false,
    "spriteSourceSize": { "x": 0, "y": 0, "w": 128, "h": 128 },
    "sourceSize": { "w": 128, "h": 128 },
    "duration": 100
   },
   "GoblinArcheranim #IL 3.aseprite": {
    "frame": { "x": 384, "y": 768, "w": 128, "h": 128 },
    "rotated": false,
    "trimmed": false,
    "spriteSourceSize": { "x": 0, "y": 0, "w": 128, "h": 128 },
    "sourceSize": { "w": 128, "h": 128 },
    "duration": 100
   },
   "GoblinArcheranim #IU 0.aseprite": {
    "frame": { "x": 0, "y": 896, "w": 128, "h": 128 },
    "rotated": false,
    "trimmed": false,
    "spriteSourceSize": { "x": 0, "y": 0, "w": 128, "h": 128 },
    "sourceSize": { "w": 128, "h": 128 },
    "duration": 100
   },
   "GoblinArcheranim #IU 1.aseprite": {
    "frame": { "x": 128, "y": 896, "w": 128, "h": 128 },
    "rotated": false,
    "trimmed": false,
    "spriteSourceSize": { "x": 0, "y": 0, "w": 128, "h": 128 },
    "sourceSize": { "w": 128, "h": 128 },
    "duration": 100
   },
   "GoblinArcheranim #IU 2.aseprite": {
    "frame": { "x": 256, "y": 896, "w": 128, "h": 128 },
    "rotated": false,
    "trimmed": false,
    "spriteSourceSize": { "x": 0, "y": 0, "w": 128, "h": 128 },
    "sourceSize": { "w": 128, "h": 128 },
    "duration": 100
   },
   "GoblinArcheranim #IU 3.aseprite": {
    "frame": { "x": 384, "y": 896, "w": 128, "h": 128 },
    "rotated": false,
    "trimmed": false,
    "spriteSourceSize": { "x": 0, "y": 0, "w": 128, "h": 128 },
    "sourceSize": { "w": 128, "h": 128 },
    "duration": 100
   }
 },
 "meta": {
  "app": "https://www.aseprite.org/",
  "version": "1.3.5-x64",
  "image": "GoblinArcheranim.png",
  "format": "RGBA8888",
  "size": { "w": 1024, "h": 1024 },
  "scale": "1",
  "frameTags": [
   { "name": "Wr", "from": 0, "to": 7, "direction": "forward", "color": "#000000ff" },
   { "name": "WL", "from": 8, "to": 15, "direction": "forward", "color": "#000000ff" },
   { "name": "WU", "from": 16, "to": 23, "direction": "forward", "color": "#000000ff" },
   { "name": "WD", "from": 24, "to": 31, "direction": "forward", "color": "#000000ff" },
   { "name": "ID", "from": 32, "to": 35, "direction": "forward", "color": "#000000ff" },
   { "name": "IR", "from": 36, "to": 39, "direction": "forward", "color": "#000000ff" },
   { "name": "IL", "from": 40, "to": 43, "direction": "forward", "color": "#000000ff" },
   { "name": "IU", "from": 44, "to": 47, "direction": "forward", "color": "#000000ff" }
  ],
  "layers": [
   { "name": "bod", "opacity": 255, "blendMode": "normal" },
   { "name": "arms", "opacity": 255, "blendMode": "normal", "cels": [{ "frame": 16, "zIndex": -1 }, { "frame": 17, "zIndex": -1 }, { "frame": 18, "zIndex": -1 }, { "frame": 19, "zIndex": -1 }, { "frame": 20, "zIndex": -1 }, { "frame": 21, "zIndex": -1 }, { "frame": 22, "zIndex": -1 }, { "frame": 23, "zIndex": -1 }, { "frame": 44, "zIndex": -1 }, { "frame": 45, "zIndex": -1 }, { "frame": 46, "zIndex": -1 }, { "frame": 47, "zIndex": -1 }] },
   { "name": "helm", "opacity": 255, "blendMode": "normal" }
  ],
  "slices": [
  ]
 }
}
