{ "frames": {
   "sunder #SunderD 0.aseprite": {
    "frame": { "x": 0, "y": 0, "w": 112, "h": 96 },
    "rotated": false,
    "trimmed": false,
    "spriteSourceSize": { "x": 0, "y": 0, "w": 112, "h": 96 },
    "sourceSize": { "w": 112, "h": 96 },
    "duration": 100
   },
   "sunder #SunderD 1.aseprite": {
    "frame": { "x": 112, "y": 0, "w": 112, "h": 96 },
    "rotated": false,
    "trimmed": false,
    "spriteSourceSize": { "x": 0, "y": 0, "w": 112, "h": 96 },
    "sourceSize": { "w": 112, "h": 96 },
    "duration": 100
   },
   "sunder #SunderD 2.aseprite": {
    "frame": { "x": 224, "y": 0, "w": 112, "h": 96 },
    "rotated": false,
    "trimmed": false,
    "spriteSourceSize": { "x": 0, "y": 0, "w": 112, "h": 96 },
    "sourceSize": { "w": 112, "h": 96 },
    "duration": 100
   },
   "sunder #SunderD 3.aseprite": {
    "frame": { "x": 336, "y": 0, "w": 112, "h": 96 },
    "rotated": false,
    "trimmed": false,
    "spriteSourceSize": { "x": 0, "y": 0, "w": 112, "h": 96 },
    "sourceSize": { "w": 112, "h": 96 },
    "duration": 100
   },
   "sunder #SunderD 4.aseprite": {
    "frame": { "x": 336, "y": 0, "w": 112, "h": 96 },
    "rotated": false,
    "trimmed": false,
    "spriteSourceSize": { "x": 0, "y": 0, "w": 112, "h": 96 },
    "sourceSize": { "w": 112, "h": 96 },
    "duration": 100
   },
   "sunder #SunderD 5.aseprite": {
    "frame": { "x": 336, "y": 0, "w": 112, "h": 96 },
    "rotated": false,
    "trimmed": false,
    "spriteSourceSize": { "x": 0, "y": 0, "w": 112, "h": 96 },
    "sourceSize": { "w": 112, "h": 96 },
    "duration": 100
   },
   "sunder #SunderD 6.aseprite": {
    "frame": { "x": 224, "y": 0, "w": 112, "h": 96 },
    "rotated": false,
    "trimmed": false,
    "spriteSourceSize": { "x": 0, "y": 0, "w": 112, "h": 96 },
    "sourceSize": { "w": 112, "h": 96 },
    "duration": 100
   },
   "sunder #SunderD 7.aseprite": {
    "frame": { "x": 448, "y": 0, "w": 112, "h": 96 },
    "rotated": false,
    "trimmed": false,
    "spriteSourceSize": { "x": 0, "y": 0, "w": 112, "h": 96 },
    "sourceSize": { "w": 112, "h": 96 },
    "duration": 100
   },
   "sunder #SunderD 8.aseprite": {
    "frame": { "x": 560, "y": 0, "w": 112, "h": 96 },
    "rotated": false,
    "trimmed": false,
    "spriteSourceSize": { "x": 0, "y": 0, "w": 112, "h": 96 },
    "sourceSize": { "w": 112, "h": 96 },
    "duration": 100
   },
   "sunder #SunderD 9.aseprite": {
    "frame": { "x": 112, "y": 0, "w": 112, "h": 96 },
    "rotated": false,
    "trimmed": false,
    "spriteSourceSize": { "x": 0, "y": 0, "w": 112, "h": 96 },
    "sourceSize": { "w": 112, "h": 96 },
    "duration": 100
   },
   "sunder #SunderD 10.aseprite": {
    "frame": { "x": 672, "y": 0, "w": 112, "h": 96 },
    "rotated": false,
    "trimmed": false,
    "spriteSourceSize": { "x": 0, "y": 0, "w": 112, "h": 96 },
    "sourceSize": { "w": 112, "h": 96 },
    "duration": 100
   }
 },
 "meta": {
  "app": "https://www.aseprite.org/",
  "version": "1.3.4-x64",
  "image": "sunder.png",
  "format": "RGBA8888",
  "size": { "w": 784, "h": 96 },
  "scale": "1",
  "frameTags": [
   { "name": "SunderD", "from": 0, "to": 10, "direction": "forward", "color": "#000000ff" }
  ],
  "layers": [
   { "name": "Flattened", "opacity": 255, "blendMode": "normal" }
  ],
  "slices": [
  ]
 }
}
