{ "frames": {
   "splash1 #Traveling 0.aseprite": {
    "frame": { "x": 0, "y": 0, "w": 100, "h": 100 },
    "rotated": false,
    "trimmed": false,
    "spriteSourceSize": { "x": 0, "y": 0, "w": 100, "h": 100 },
    "sourceSize": { "w": 100, "h": 100 },
    "duration": 100
   },
   "splash1 #Traveling 1.aseprite": {
    "frame": { "x": 100, "y": 0, "w": 100, "h": 100 },
    "rotated": false,
    "trimmed": false,
    "spriteSourceSize": { "x": 0, "y": 0, "w": 100, "h": 100 },
    "sourceSize": { "w": 100, "h": 100 },
    "duration": 100
   },
   "splash1 #Traveling 2.aseprite": {
    "frame": { "x": 200, "y": 0, "w": 100, "h": 100 },
    "rotated": false,
    "trimmed": false,
    "spriteSourceSize": { "x": 0, "y": 0, "w": 100, "h": 100 },
    "sourceSize": { "w": 100, "h": 100 },
    "duration": 100
   },
   "splash1 #Traveling 3.aseprite": {
    "frame": { "x": 0, "y": 100, "w": 100, "h": 100 },
    "rotated": false,
    "trimmed": false,
    "spriteSourceSize": { "x": 0, "y": 0, "w": 100, "h": 100 },
    "sourceSize": { "w": 100, "h": 100 },
    "duration": 100
   },
   "splash1 #splash 0.aseprite": {
    "frame": { "x": 100, "y": 100, "w": 100, "h": 100 },
    "rotated": false,
    "trimmed": false,
    "spriteSourceSize": { "x": 0, "y": 0, "w": 100, "h": 100 },
    "sourceSize": { "w": 100, "h": 100 },
    "duration": 100
   },
   "splash1 #splash 1.aseprite": {
    "frame": { "x": 200, "y": 100, "w": 100, "h": 100 },
    "rotated": false,
    "trimmed": false,
    "spriteSourceSize": { "x": 0, "y": 0, "w": 100, "h": 100 },
    "sourceSize": { "w": 100, "h": 100 },
    "duration": 100
   },
   "splash1 #splash 2.aseprite": {
    "frame": { "x": 0, "y": 200, "w": 100, "h": 100 },
    "rotated": false,
    "trimmed": false,
    "spriteSourceSize": { "x": 0, "y": 0, "w": 100, "h": 100 },
    "sourceSize": { "w": 100, "h": 100 },
    "duration": 100
   },
   "splash1 #splash 3.aseprite": {
    "frame": { "x": 100, "y": 200, "w": 100, "h": 100 },
    "rotated": false,
    "trimmed": false,
    "spriteSourceSize": { "x": 0, "y": 0, "w": 100, "h": 100 },
    "sourceSize": { "w": 100, "h": 100 },
    "duration": 100
   },
   "splash1 #splash 4.aseprite": {
    "frame": { "x": 200, "y": 200, "w": 100, "h": 100 },
    "rotated": false,
    "trimmed": false,
    "spriteSourceSize": { "x": 0, "y": 0, "w": 100, "h": 100 },
    "sourceSize": { "w": 100, "h": 100 },
    "duration": 100
   }
 },
 "meta": {
  "app": "https://www.aseprite.org/",
  "version": "1.3.5-x64",
  "image": "P_Poison.png",
  "format": "RGBA8888",
  "size": { "w": 300, "h": 300 },
  "scale": "1",
  "frameTags": [
   { "name": "Traveling", "from": 0, "to": 3, "direction": "forward", "color": "#000000ff" },
   { "name": "splash", "from": 4, "to": 8, "direction": "forward", "color": "#000000ff" }
  ],
  "layers": [
   { "name": "Layer 1 Copy", "opacity": 255, "blendMode": "normal" }
  ],
  "slices": [
  ]
 }
}
