{ "frames": {
   "Barbariananimmerged #WD 0.aseprite": {
    "frame": { "x": 0, "y": 0, "w": 106, "h": 106 },
    "rotated": false,
    "trimmed": false,
    "spriteSourceSize": { "x": 0, "y": 0, "w": 106, "h": 106 },
    "sourceSize": { "w": 106, "h": 106 },
    "duration": 100
   },
   "Barbariananimmerged #WD 1.aseprite": {
    "frame": { "x": 106, "y": 0, "w": 106, "h": 106 },
    "rotated": false,
    "trimmed": false,
    "spriteSourceSize": { "x": 0, "y": 0, "w": 106, "h": 106 },
    "sourceSize": { "w": 106, "h": 106 },
    "duration": 100
   },
   "Barbariananimmerged #WD 2.aseprite": {
    "frame": { "x": 212, "y": 0, "w": 106, "h": 106 },
    "rotated": false,
    "trimmed": false,
    "spriteSourceSize": { "x": 0, "y": 0, "w": 106, "h": 106 },
    "sourceSize": { "w": 106, "h": 106 },
    "duration": 100
   },
   "Barbariananimmerged #WD 3.aseprite": {
    "frame": { "x": 318, "y": 0, "w": 106, "h": 106 },
    "rotated": false,
    "trimmed": false,
    "spriteSourceSize": { "x": 0, "y": 0, "w": 106, "h": 106 },
    "sourceSize": { "w": 106, "h": 106 },
    "duration": 100
   },
   "Barbariananimmerged #WD 4.aseprite": {
    "frame": { "x": 424, "y": 0, "w": 106, "h": 106 },
    "rotated": false,
    "trimmed": false,
    "spriteSourceSize": { "x": 0, "y": 0, "w": 106, "h": 106 },
    "sourceSize": { "w": 106, "h": 106 },
    "duration": 100
   },
   "Barbariananimmerged #WD 5.aseprite": {
    "frame": { "x": 530, "y": 0, "w": 106, "h": 106 },
    "rotated": false,
    "trimmed": false,
    "spriteSourceSize": { "x": 0, "y": 0, "w": 106, "h": 106 },
    "sourceSize": { "w": 106, "h": 106 },
    "duration": 100
   }
 },
 "meta": {
  "app": "https://www.aseprite.org/",
  "version": "1.3.4-x64",
  "image": "BarbarianWD.png",
  "format": "RGBA8888",
  "size": { "w": 636, "h": 106 },
  "scale": "1",
  "frameTags": [
   { "name": "ID", "from": 1, "to": 9, "direction": "forward", "color": "#000000ff" },
   { "name": "IU", "from": 10, "to": 18, "direction": "forward", "color": "#000000ff" },
   { "name": "WD", "from": 20, "to": 25, "direction": "forward", "color": "#000000ff" },
   { "name": "WU", "from": 26, "to": 31, "direction": "forward", "color": "#000000ff" },
   { "name": "IDleR", "from": 33, "to": 41, "direction": "forward", "color": "#000000ff" },
   { "name": "IDLEL", "from": 42, "to": 50, "direction": "forward", "color": "#000000ff" },
   { "name": "WR", "from": 52, "to": 57, "direction": "forward", "color": "#000000ff" },
   { "name": "WL", "from": 58, "to": 63, "direction": "forward", "color": "#000000ff" },
   { "name": "AtkD", "from": 66, "to": 74, "direction": "forward", "color": "#000000ff" },
   { "name": "AtkR", "from": 75, "to": 75, "direction": "forward", "color": "#000000ff" }
  ],
  "layers": [
   { "name": "shadow", "opacity": 255, "blendMode": "normal" },
   { "name": "axe", "opacity": 255, "blendMode": "normal", "cels": [{ "frame": 10, "zIndex": 6 }, { "frame": 11, "zIndex": 6 }, { "frame": 12, "zIndex": 6 }, { "frame": 13, "zIndex": 6 }, { "frame": 14, "zIndex": 6 }, { "frame": 15, "zIndex": 6 }, { "frame": 16, "zIndex": 6 }, { "frame": 17, "zIndex": 6 }, { "frame": 18, "zIndex": 6 }, { "frame": 26, "zIndex": 7 }, { "frame": 27, "zIndex": 7 }, { "frame": 28, "zIndex": 7 }, { "frame": 29, "zIndex": 7 }, { "frame": 30, "zIndex": 7 }, { "frame": 31, "zIndex": 7 }, { "frame": 70, "zIndex": 4 }, { "frame": 71, "zIndex": 4 }, { "frame": 72, "zIndex": 4 }, { "frame": 73, "zIndex": 4 }] },
   { "name": "Layer 2", "opacity": 255, "blendMode": "normal" },
   { "name": "barb Copy Copy", "opacity": 255, "blendMode": "normal" },
   { "name": "wu bod", "opacity": 255, "blendMode": "normal" },
   { "name": "fx", "opacity": 255, "blendMode": "normal" }
  ],
  "slices": [
  ]
 }
}
