{ "frames": {
   "Goblin_chest #open 0.aseprite": {
    "frame": { "x": 0, "y": 0, "w": 50, "h": 50 },
    "rotated": false,
    "trimmed": false,
    "spriteSourceSize": { "x": 0, "y": 0, "w": 50, "h": 50 },
    "sourceSize": { "w": 50, "h": 50 },
    "duration": 100
   },
   "Goblin_chest #open 1.aseprite": {
    "frame": { "x": 50, "y": 0, "w": 50, "h": 50 },
    "rotated": false,
    "trimmed": false,
    "spriteSourceSize": { "x": 0, "y": 0, "w": 50, "h": 50 },
    "sourceSize": { "w": 50, "h": 50 },
    "duration": 100
   },
   "Goblin_chest #open 2.aseprite": {
    "frame": { "x": 100, "y": 0, "w": 50, "h": 50 },
    "rotated": false,
    "trimmed": false,
    "spriteSourceSize": { "x": 0, "y": 0, "w": 50, "h": 50 },
    "sourceSize": { "w": 50, "h": 50 },
    "duration": 100
   },
   "Goblin_chest #open 3.aseprite": {
    "frame": { "x": 150, "y": 0, "w": 50, "h": 50 },
    "rotated": false,
    "trimmed": false,
    "spriteSourceSize": { "x": 0, "y": 0, "w": 50, "h": 50 },
    "sourceSize": { "w": 50, "h": 50 },
    "duration": 100
   },
   "Goblin_chest #open 4.aseprite": {
    "frame": { "x": 200, "y": 0, "w": 50, "h": 50 },
    "rotated": false,
    "trimmed": false,
    "spriteSourceSize": { "x": 0, "y": 0, "w": 50, "h": 50 },
    "sourceSize": { "w": 50, "h": 50 },
    "duration": 100
   },
   "Goblin_chest #Close 0.aseprite": {
    "frame": { "x": 0, "y": 50, "w": 50, "h": 50 },
    "rotated": false,
    "trimmed": false,
    "spriteSourceSize": { "x": 0, "y": 0, "w": 50, "h": 50 },
    "sourceSize": { "w": 50, "h": 50 },
    "duration": 100
   },
   "Goblin_chest #Close 1.aseprite": {
    "frame": { "x": 50, "y": 50, "w": 50, "h": 50 },
    "rotated": false,
    "trimmed": false,
    "spriteSourceSize": { "x": 0, "y": 0, "w": 50, "h": 50 },
    "sourceSize": { "w": 50, "h": 50 },
    "duration": 100
   },
   "Goblin_chest #Close 2.aseprite": {
    "frame": { "x": 100, "y": 50, "w": 50, "h": 50 },
    "rotated": false,
    "trimmed": false,
    "spriteSourceSize": { "x": 0, "y": 0, "w": 50, "h": 50 },
    "sourceSize": { "w": 50, "h": 50 },
    "duration": 100
   },
   "Goblin_chest #Close 3.aseprite": {
    "frame": { "x": 150, "y": 50, "w": 50, "h": 50 },
    "rotated": false,
    "trimmed": false,
    "spriteSourceSize": { "x": 0, "y": 0, "w": 50, "h": 50 },
    "sourceSize": { "w": 50, "h": 50 },
    "duration": 100
   },
   "Goblin_chest #Close 4.aseprite": {
    "frame": { "x": 200, "y": 50, "w": 50, "h": 50 },
    "rotated": false,
    "trimmed": false,
    "spriteSourceSize": { "x": 0, "y": 0, "w": 50, "h": 50 },
    "sourceSize": { "w": 50, "h": 50 },
    "duration": 100
   }
 },
 "meta": {
  "app": "https://www.aseprite.org/",
  "version": "1.3.6-x64",
  "image": "Goblin_chest.png",
  "format": "RGBA8888",
  "size": { "w": 250, "h": 100 },
  "scale": "1",
  "frameTags": [
   { "name": "open", "from": 1, "to": 5, "direction": "forward", "color": "#000000ff" },
   { "name": "Close", "from": 6, "to": 10, "direction": "forward", "color": "#000000ff" }
  ],
  "layers": [
   { "name": "Chest Base", "opacity": 255, "blendMode": "normal" },
   { "name": "Chest lid", "opacity": 255, "blendMode": "normal" },
   { "name": "shadow - Item", "opacity": 255, "blendMode": "normal" }
  ],
  "slices": [
  ]
 }
}
