{ "frames": {
   "GoblinArcherAtk #DeathD 0.aseprite": {
    "frame": { "x": 0, "y": 0, "w": 128, "h": 128 },
    "rotated": false,
    "trimmed": false,
    "spriteSourceSize": { "x": 0, "y": 0, "w": 128, "h": 128 },
    "sourceSize": { "w": 128, "h": 128 },
    "duration": 100
   },
   "GoblinArcherAtk #DeathD 1.aseprite": {
    "frame": { "x": 128, "y": 0, "w": 128, "h": 128 },
    "rotated": false,
    "trimmed": false,
    "spriteSourceSize": { "x": 0, "y": 0, "w": 128, "h": 128 },
    "sourceSize": { "w": 128, "h": 128 },
    "duration": 100
   },
   "GoblinArcherAtk #DeathD 2.aseprite": {
    "frame": { "x": 256, "y": 0, "w": 128, "h": 128 },
    "rotated": false,
    "trimmed": false,
    "spriteSourceSize": { "x": 0, "y": 0, "w": 128, "h": 128 },
    "sourceSize": { "w": 128, "h": 128 },
    "duration": 100
   },
   "GoblinArcherAtk #DeathD 3.aseprite": {
    "frame": { "x": 384, "y": 0, "w": 128, "h": 128 },
    "rotated": false,
    "trimmed": false,
    "spriteSourceSize": { "x": 0, "y": 0, "w": 128, "h": 128 },
    "sourceSize": { "w": 128, "h": 128 },
    "duration": 100
   },
   "GoblinArcherAtk #DeathD 4.aseprite": {
    "frame": { "x": 512, "y": 0, "w": 128, "h": 128 },
    "rotated": false,
    "trimmed": false,
    "spriteSourceSize": { "x": 0, "y": 0, "w": 128, "h": 128 },
    "sourceSize": { "w": 128, "h": 128 },
    "duration": 100
   },
   "GoblinArcherAtk #DeathD 5.aseprite": {
    "frame": { "x": 640, "y": 0, "w": 128, "h": 128 },
    "rotated": false,
    "trimmed": false,
    "spriteSourceSize": { "x": 0, "y": 0, "w": 128, "h": 128 },
    "sourceSize": { "w": 128, "h": 128 },
    "duration": 100
   },
   "GoblinArcherAtk #DeathD 6.aseprite": {
    "frame": { "x": 768, "y": 0, "w": 128, "h": 128 },
    "rotated": false,
    "trimmed": false,
    "spriteSourceSize": { "x": 0, "y": 0, "w": 128, "h": 128 },
    "sourceSize": { "w": 128, "h": 128 },
    "duration": 100
   },
   "GoblinArcherAtk #DeathD 7.aseprite": {
    "frame": { "x": 896, "y": 0, "w": 128, "h": 128 },
    "rotated": false,
    "trimmed": false,
    "spriteSourceSize": { "x": 0, "y": 0, "w": 128, "h": 128 },
    "sourceSize": { "w": 128, "h": 128 },
    "duration": 100
   }
 },
 "meta": {
  "app": "https://www.aseprite.org/",
  "version": "1.3.5-x64",
  "image": "GoblinArcherdeath.png",
  "format": "RGBA8888",
  "size": { "w": 1024, "h": 128 },
  "scale": "1",
  "frameTags": [
   { "name": "AtkD", "from": 0, "to": 6, "direction": "forward", "color": "#000000ff" },
   { "name": "AtkR", "from": 7, "to": 13, "direction": "forward", "color": "#000000ff" },
   { "name": "AtkL", "from": 14, "to": 20, "direction": "forward", "color": "#000000ff" },
   { "name": "AtkU", "from": 21, "to": 27, "direction": "forward", "color": "#000000ff" },
   { "name": "DeathD", "from": 28, "to": 35, "direction": "forward", "color": "#000000ff" }
  ],
  "layers": [
   { "name": "bod", "opacity": 255, "blendMode": "normal" },
   { "name": "arms", "opacity": 255, "blendMode": "normal", "cels": [{ "frame": 21, "zIndex": -1 }, { "frame": 22, "zIndex": -1 }, { "frame": 23, "zIndex": -1 }, { "frame": 24, "zIndex": -1 }, { "frame": 25, "zIndex": -1 }, { "frame": 26, "zIndex": -1 }, { "frame": 27, "zIndex": -1 }] },
   { "name": "Layer 1", "opacity": 255, "blendMode": "normal", "cels": [{ "frame": 1, "zIndex": 1 }, { "frame": 2, "zIndex": 1 }, { "frame": 3, "zIndex": 1 }, { "frame": 4, "zIndex": 1 }, { "frame": 5, "zIndex": 1 }, { "frame": 6, "zIndex": 1 }] },
   { "name": "helm", "opacity": 255, "blendMode": "normal" }
  ],
  "slices": [
  ]
 }
}
